VAR_PDAD,VAR_CAMPO,r,N
EL_pct_superior,PCT_SEN_moderado,0.918,33
EL_pct_sem_fund,PCT_SEN_moderado,-0.9138,33
MOR_pct_plano_saude,PCT_SEN_moderado,0.8945,33
MOR_pct_superior,PCT_SEN_moderado,0.8916,33
MOR_escolaridade_media,PCT_SEN_moderado,0.8774,33
EL_pct_superior,PCT_DEPFED_progressista,0.8773,33
MOR_pct_superior,PCT_DEPFED_progressista,0.8743,33
EL_pct_idoso_60mais,PCT_DEPFED_progressista,0.8346,33
DOM_pct_classe_AB,PCT_DEPFED_progressista,0.8346,33
DOM_pct_classe_AB,PCT_SEN_moderado,0.8344,33
MOR_escolaridade_media,PCT_DEPFED_progressista,0.8281,33
DOM_pct_inseg_alimentar,PCT_SEN_moderado,-0.8221,33
MOR_pct_sem_fund,PCT_SEN_moderado,-0.8177,33
EL_pct_superior,PCT_GOV_moderado,-0.8139,33
DOM_renda_pc_media,PCT_SEN_moderado,0.8124,33
MOR_pct_superior,PCT_GOV_moderado,-0.8104,33
EL_pct_sem_fund,PCT_DEPFED_progressista,-0.8059,33
DOM_renda_pc_media,PCT_DEPFED_progressista,0.8037,33
MOR_pct_superior,PCT_SEN_progressista,0.8037,33
DOM_pct_inseg_alimentar,PCT_DEPFED_progressista,-0.7979,33
EL_pct_superior,PCT_SEN_progressista,0.7976,33
MOR_pct_servidor_fed,PCT_GOV_moderado,-0.7956,33
MOR_pct_servidor_fed,PCT_DEPFED_progressista,0.795,33
EL_pct_jovem_1624_y,PCT_SEN_moderado,-0.7904,33
EL_pct_idoso_60mais,PCT_SEN_progressista,0.7876,33
MOR_pct_plano_saude,PCT_DEPFED_progressista,0.7856,33
DOM_pct_classe_AB,PCT_SEN_progressista,0.784,33
MOR_pct_superior,PCT_GOV_progressista,0.7821,33
DOM_pct_inseg_alimentar,PCT_GOV_moderado,0.7806,33
MOR_pct_servidor_total,PCT_SEN_moderado,0.7764,33
MOR_pct_servidor_total,PCT_GOV_moderado,-0.7753,33
DOM_renda_pc_media,PCT_SEN_progressista,0.7677,33
EL_pct_jovem_1624_y,PCT_DEPFED_progressista,-0.7662,33
EL_pct_superior,PCT_GOV_progressista,0.7655,33
EL_pct_sem_fund,PCT_GOV_liberal_conservador,-0.7654,33
DOM_pct_classe_AB,PCT_GOV_moderado,-0.7637,33
DOM_pct_classe_DE,PCT_SEN_moderado,-0.7637,33
MOR_pct_plano_saude,PCT_GOV_moderado,-0.7637,33
MOR_pct_servidor_fed,PCT_GOV_progressista,0.7625,33
MOR_pct_beneficio_social,PCT_SEN_moderado,-0.7574,33
MOR_escolaridade_media,PCT_GOV_moderado,-0.7546,33
EL_pct_idoso_60mais,PCT_GOV_progressista,0.7497,33
MOR_pct_servidor_fed,PCT_SEN_progressista,0.7494,33
MOR_pct_servidor_fed,PCT_SEN_moderado,0.7474,33
DOM_pct_classe_DE,PCT_DEPFED_progressista,-0.7455,33
EL_pct_sem_fund,PCT_GOV_moderado,0.7436,33
MOR_pct_servidor_total,PCT_GOV_liberal_conservador,0.7435,33
EL_pct_idoso_60mais,PCT_SEN_moderado,0.7421,33
MOR_pct_plano_saude,PCT_GOV_liberal_conservador,0.7417,33
DOM_pct_classe_AB,PCT_GOV_progressista,0.7405,33
MOR_pct_desocupado,PCT_SEN_moderado,-0.7389,33
MOR_pct_sem_fund,PCT_DEPFED_progressista,-0.7375,33
MOR_pct_servidor_total,PCT_DEPFED_progressista,0.7369,33
EL_pct_idoso_60mais,PCT_GOV_moderado,-0.7363,33
DOM_renda_pc_media,PCT_GOV_progressista,0.7353,33
MOR_escolaridade_media,PCT_SEN_progressista,0.7337,33
DOM_renda_pc_media,PCT_GOV_moderado,-0.7327,33
DOM_pct_inseg_alimentar,PCT_SEN_progressista,-0.7324,33
DOM_pct_inseg_alimentar,PCT_GOV_progressista,-0.7297,33
EL_pct_superior,PCT_GOV_liberal_conservador,0.7238,33
EL_pct_jovem_1624_y,PCT_GOV_moderado,0.7226,33
MOR_pct_plano_saude,PCT_SEN_progressista,0.7124,33
MOR_pct_sem_fund,PCT_GOV_liberal_conservador,-0.7102,33
EL_pct_jovem_1624_y,PCT_SEN_progressista,-0.7056,33
MOR_escolaridade_media,PCT_GOV_progressista,0.7005,33
MOR_escolaridade_media,PCT_GOV_liberal_conservador,0.7003,33
EL_pct_sem_fund,PCT_DEPFED_moderado,0.6985,33
DOM_pct_classe_DE,PCT_DEPFED_moderado,0.69,33
EL_pct_sem_fund,PCT_SEN_progressista,-0.69,33
MOR_pct_plano_saude,PCT_GOV_progressista,0.6882,33
EL_pct_jovem_1624_y,PCT_GOV_progressista,-0.6743,33
MOR_pct_servidor_total,PCT_GOV_progressista,0.6685,33
MOR_pct_servidor_total,PCT_SEN_progressista,0.6651,33
EL_pct_sem_fund,PCT_GOV_progressista,-0.6627,33
MOR_pct_beneficio_social,PCT_GOV_liberal_conservador,-0.658,33
DOM_pct_classe_DE,PCT_GOV_moderado,0.6557,33
MOR_pct_beneficio_social,PCT_DEPFED_progressista,-0.6516,33
EL_pct_idoso_60mais,PCT_SEN_liberal_conservador,-0.6474,33
DOM_pct_inseg_alimentar,PCT_GOV_liberal_conservador,-0.6465,33
EL_pct_superior,PCT_DEPFED_moderado,-0.6455,33
DOM_pct_classe_DE,PCT_SEN_progressista,-0.6443,33
MOR_pct_superior,PCT_GOV_liberal_conservador,0.6396,33
MOR_escolaridade_media,PCT_DEPFED_moderado,-0.6384,33
MOR_pct_sem_fund,PCT_GOV_moderado,0.6317,33
MOR_pct_sem_fund,PCT_SEN_progressista,-0.6299,33
MOR_pct_beneficio_social,PCT_GOV_moderado,0.6285,33
MOR_pct_servidor_dist,PCT_DEPFED_progressista,0.6272,33
MOR_pct_desocupado,PCT_GOV_liberal_conservador,-0.6261,33
EL_pct_jovem_1624_y,PCT_GOV_liberal_conservador,-0.6259,33
MOR_pct_sem_fund,PCT_DEPFED_moderado,0.6212,33
MOR_pct_servidor_total,PCT_DEPFED_moderado,-0.6209,33
DOM_pct_classe_AB,PCT_GOV_liberal_conservador,0.6172,33
MOR_pct_servidor_dist,PCT_GOV_moderado,-0.6158,33
MOR_pct_superior,PCT_DEPFED_moderado,-0.6134,33
DOM_pct_classe_AB,PCT_DEPFED_moderado,-0.6127,33
MOR_pct_plano_saude,PCT_DEPFED_moderado,-0.6108,33
DOM_pct_classe_DE,PCT_GOV_progressista,-0.6072,33
MOR_pct_superior,PCT_SEN_liberal_conservador,-0.6055,33
MOR_pct_servidor_dist,PCT_SEN_moderado,0.5999,33
MOR_pct_desocupado,PCT_GOV_moderado,0.5975,33
DOM_pct_classe_DE,PCT_GOV_liberal_conservador,-0.5958,33
DOM_pct_classe_C,PCT_SEN_progressista,-0.5927,33
MOR_pct_desocupado,PCT_DEPFED_progressista,-0.5926,33
MOR_pct_beneficio_social,PCT_DEPFED_moderado,0.5904,33
MOR_pct_servidor_dist,PCT_GOV_progressista,0.5882,33
DOM_pct_inseg_alimentar,PCT_DEPFED_moderado,0.5852,33
DOM_pct_classe_AB,PCT_SEN_liberal_conservador,-0.5852,33
MOR_pct_servidor_fed,PCT_SEN_liberal_conservador,-0.583,33
MOR_pct_crianca,PCT_DEPDIST_moderado,0.5811,33
DOM_renda_pc_media,PCT_SEN_liberal_conservador,-0.5801,33
MOR_pct_beneficio_social,PCT_SEN_progressista,-0.5779,33
MOR_pct_servidor_dist,PCT_SEN_progressista,0.5773,33
MOR_pct_servidor_fed,PCT_DEPFED_moderado,-0.5716,33
DOM_pct_classe_C,PCT_DEPFED_progressista,-0.5692,33
DOM_renda_pc_media,PCT_DEPFED_moderado,-0.5679,33
EL_pct_superior,PCT_SEN_liberal_conservador,-0.5671,33
MOR_pct_sem_fund,PCT_GOV_progressista,-0.5658,33
MOR_pct_servidor_total,PCT_DEPDIST_moderado,-0.5615,33
DOM_pct_classe_C,PCT_GOV_progressista,-0.5613,33
MOR_pct_servidor_fed,PCT_GOV_liberal_conservador,0.5528,33
DOM_pct_inseg_alimentar,PCT_SEN_liberal_conservador,0.5528,33
MOR_pct_beneficio_social,PCT_GOV_progressista,-0.5501,33
DOM_pct_classe_C,PCT_SEN_moderado,-0.55,33
DOM_pct_classe_C,PCT_GOV_moderado,0.5484,33
MOR_pct_superior,PCT_DEPDIST_moderado,-0.547,33
MOR_pct_idoso_pop,PCT_SEN_moderado,0.5467,33
MOR_escolaridade_media,PCT_DEPDIST_moderado,-0.5441,33
EL_pct_superior,PCT_DEPDIST_moderado,-0.5401,33
EL_pct_jovem_1624_y,PCT_SEN_liberal_conservador,0.533,33
MOR_pct_plano_saude,PCT_DEPDIST_moderado,-0.5295,33
DOM_renda_pc_media,PCT_GOV_liberal_conservador,0.529,33
DOM_pct_classe_DE,PCT_DEPDIST_moderado,0.5284,33
MOR_pct_sem_fund,PCT_DEPDIST_moderado,0.524,33
EL_pct_idoso_60+,PCT_SEN_moderado,0.5227,33
MOR_pct_crianca,PCT_GOV_moderado,0.5203,33
MOR_escolaridade_media,PCT_SEN_liberal_conservador,-0.5176,33
MOR_pct_desocupado,PCT_GOV_progressista,-0.5082,33
EL_pct_jovem_1624_x,PCT_GOV_moderado,0.5009,33
MOR_pct_servidor_fed,PCT_DEPDIST_moderado,-0.497,33
DOM_pct_classe_DE,PCT_SEN_liberal_conservador,0.4935,33
DOM_renda_pc_media,PCT_DEPDIST_moderado,-0.4856,33
MOR_pct_plano_saude,PCT_SEN_liberal_conservador,-0.4847,33
EL_pct_feminino,PCT_GOV_liberal_conservador,-0.4826,33
MOR_pct_servidor_total,PCT_DEPDIST_liberal_conservador,0.4814,33
MOR_pct_servidor_dist,PCT_SEN_liberal_conservador,-0.4814,33
EL_pct_sem_fund,PCT_SEN_liberal_conservador,0.4779,33
MOR_pct_crianca,PCT_GOV_progressista,-0.4774,33
DOM_pct_classe_AB,PCT_DEPDIST_moderado,-0.4749,33
EL_pct_idoso_60mais,PCT_GOV_liberal_conservador,0.4734,33
MOR_pct_jovem_pop,PCT_GOV_moderado,0.4709,33
MOR_pct_privado,PCT_SEN_moderado,-0.4695,33
EL_pct_idoso_60mais,PCT_DEPFED_moderado,-0.468,33
MOR_pct_desocupado,PCT_SEN_progressista,-0.4652,33
MOR_pct_crianca,PCT_SEN_progressista,-0.4639,33
MOR_pct_servidor_dist,PCT_DEPFED_moderado,-0.4626,33
MOR_pct_conta_propria,PCT_SEN_moderado,-0.4617,33
EL_pct_sem_fund,PCT_DEPDIST_moderado,0.4608,33
MOR_pct_servidor_total,PCT_SEN_liberal_conservador,-0.4592,33
MOR_pct_crianca,PCT_SEN_liberal_conservador,0.4577,33
MOR_pct_nativo_df,PCT_GOV_moderado,0.4528,33
MOR_pct_migrante,PCT_GOV_moderado,-0.4528,33
MOR_pct_idoso_pop,PCT_DEPFED_progressista,0.4514,33
MOR_pct_desocupado,PCT_DEPDIST_liberal_conservador,-0.4471,33
MOR_pct_idoso_pop,PCT_GOV_moderado,-0.446,33
MOR_pct_beneficio_social,PCT_DEPDIST_moderado,0.4423,33
MOR_pct_crianca,PCT_DEPFED_progressista,-0.4347,33
EL_pct_jovem_1624_y,PCT_DEPFED_liberal_conservador,0.4331,33
MOR_pct_servidor_dist,PCT_GOV_liberal_conservador,0.4302,33
MOR_pct_idoso_pop,PCT_SEN_progressista,0.43,33
EL_pct_jovem_1624_x,PCT_GOV_progressista,-0.4298,33
MOR_pct_idoso_pop,PCT_GOV_progressista,0.4296,33
MOR_pct_migrante,PCT_GOV_liberal_conservador,0.4295,33
MOR_pct_nativo_df,PCT_GOV_liberal_conservador,-0.4295,33
DOM_pct_classe_C,PCT_SEN_liberal_conservador,0.4294,33
EL_pct_jovem_1624_x,PCT_DEPFED_progressista,-0.4257,33
MOR_pct_desocupado,PCT_DEPFED_moderado,0.4253,33
MOR_pct_servidor_dist,PCT_DEPDIST_moderado,-0.4252,33
EL_pct_idoso_60mais,PCT_DEPDIST_moderado,-0.4237,33
EL_pct_idoso_60+,PCT_DEPFED_progressista,0.419,33
MOR_renda_ind_media,PCT_DEPDIST_progressista,0.4114,15
MOR_pct_sem_fund,PCT_SEN_liberal_conservador,0.4086,33
MOR_pct_plano_saude,PCT_DEPDIST_liberal_conservador,0.4084,33
EL_pct_idoso_60mais,PCT_DEPFED_liberal_conservador,-0.408,33
EL_pct_feminino,PCT_SEN_liberal_conservador,-0.4061,33
EL_pct_jovem_1624_y,PCT_DEPDIST_moderado,0.4048,33
EL_pct_idoso_60+,PCT_GOV_moderado,-0.4033,33
MOR_pct_jovem_pop,PCT_GOV_progressista,-0.3999,33
MOR_pct_beneficio_social,PCT_SEN_liberal_conservador,0.3976,33
MOR_pct_jovem_pop,PCT_DEPFED_progressista,-0.3963,33
MOR_pct_ocupado,PCT_DEPDIST_moderado,-0.3897,33
EL_pct_sem_fund,PCT_DEPDIST_liberal_conservador,-0.3896,33
EL_pct_idoso_60+,PCT_GOV_progressista,0.3896,33
MOR_pct_crianca,PCT_SEN_moderado,-0.389,33
MOR_pct_crianca,PCT_DEPDIST_progressista,-0.388,33
EL_pct_idoso_60+,PCT_SEN_progressista,0.3876,33
MOR_pct_beneficio_social,PCT_DEPDIST_liberal_conservador,-0.3834,33
EL_pct_jovem_1624_x,PCT_GOV_liberal_conservador,-0.3794,33
MOR_pct_desocupado,PCT_DEPDIST_moderado,0.3779,33
MOR_pct_idoso_pop,PCT_SEN_liberal_conservador,-0.3776,33
EL_pct_jovem_1624_y,PCT_DEPFED_moderado,0.376,33
DOM_pct_classe_C,PCT_GOV_liberal_conservador,-0.3748,33
EL_pct_jovem_1624_x,PCT_SEN_progressista,-0.3687,33
MOR_pct_superior,PCT_DEPDIST_progressista,0.3676,33
MOR_pct_servidor_fed,PCT_DEPDIST_progressista,0.367,33
MOR_pct_jovem_pop,PCT_GOV_liberal_conservador,-0.3668,33
EL_pct_jovem_1624_x,PCT_SEN_moderado,-0.3667,33
MOR_pct_privado,PCT_SEN_progressista,-0.3664,33
DOM_pct_inseg_alimentar,PCT_DEPDIST_moderado,0.3658,33
DOM_pct_classe_DE,PCT_DEPDIST_liberal_conservador,-0.3645,33
EL_pct_idoso_60mais,PCT_DEPDIST_progressista,0.3622,33
MOR_pct_crianca,PCT_DEPFED_moderado,0.3553,33
MOR_pct_privado,PCT_DEPFED_progressista,-0.3551,33
DOM_pct_classe_AB,PCT_DEPDIST_progressista,0.3547,33
DOM_renda_pc_media,PCT_DEPDIST_progressista,0.3533,33
MOR_pct_jovem_pop,PCT_SEN_moderado,-0.3496,33
MOR_escolaridade_media,PCT_DEPDIST_liberal_conservador,0.349,33
MOR_pct_sem_fund,PCT_DEPDIST_liberal_conservador,-0.3463,33
EL_pct_superior,PCT_DEPDIST_liberal_conservador,0.3452,33
MOR_pct_ocupado,PCT_GOV_moderado,-0.3442,33
EL_pct_jovem_1624_y,PCT_DEPDIST_progressista,-0.3424,33
EL_pct_jovem_1624_x,PCT_DEPFED_liberal_conservador,0.3374,33
MOR_pct_nativo_df,PCT_GOV_progressista,-0.3364,33
MOR_pct_migrante,PCT_GOV_progressista,0.3364,33
EL_pct_idoso_60+,PCT_SEN_liberal_conservador,-0.3359,33
MOR_pct_jovem_pop,PCT_SEN_progressista,-0.3341,33
MOR_pct_jovem_pop,PCT_DEPFED_liberal_conservador,0.3305,33
MOR_pct_conta_propria,PCT_GOV_liberal_conservador,-0.3285,33
MOR_pct_nativo_df,PCT_SEN_moderado,-0.3281,33
MOR_pct_migrante,PCT_SEN_moderado,0.3281,33
MOR_renda_ind_media,PCT_DEPDIST_moderado,-0.3273,15
MOR_pct_migrante,PCT_DEPDIST_liberal_conservador,0.3271,33
MOR_pct_nativo_df,PCT_DEPDIST_liberal_conservador,-0.3271,33
EL_pct_superior,PCT_DEPDIST_progressista,0.3266,33
MOR_pct_crianca,PCT_DEPDIST_liberal_conservador,-0.3251,33
MOR_escolaridade_media,PCT_DEPDIST_progressista,0.3226,33
MOR_pct_ocupado,PCT_DEPDIST_liberal_conservador,0.3203,33
EL_pct_feminino,PCT_DEPDIST_liberal_conservador,-0.313,33
MOR_pct_sem_fund,PCT_DEPDIST_progressista,-0.3091,33
EL_pct_feminino,PCT_DEPDIST_progressista,0.3076,33
MOR_pct_privado,PCT_GOV_liberal_conservador,-0.3053,33
MOR_pct_idoso_pop,PCT_GOV_liberal_conservador,0.3049,33
MOR_pct_ocupado,PCT_GOV_progressista,0.3046,33
MOR_pct_superior,PCT_DEPDIST_liberal_conservador,0.3003,33
EL_pct_feminino,PCT_GOV_progressista,0.2975,33
MOR_pct_servidor_dist,PCT_DEPDIST_liberal_conservador,0.2956,33
MOR_pct_privado,PCT_GOV_progressista,-0.2893,33
EL_pct_idoso_60+,PCT_GOV_liberal_conservador,0.2865,33
EL_pct_idoso_60+,PCT_DEPFED_liberal_conservador,-0.2861,33
DOM_pct_classe_C,PCT_DEPDIST_progressista,-0.2854,33
DOM_pct_inseg_alimentar,PCT_DEPDIST_liberal_conservador,-0.2837,33
EL_pct_jovem_1624_x,PCT_SEN_liberal_conservador,0.2836,33
MOR_pct_crianca,PCT_GOV_liberal_conservador,-0.2825,33
MOR_pct_migrante,PCT_SEN_progressista,0.2804,33
MOR_pct_nativo_df,PCT_SEN_progressista,-0.2804,33
MOR_pct_privado,PCT_GOV_moderado,0.2774,33
DOM_pct_classe_DE,PCT_DEPDIST_progressista,-0.275,33
MOR_pct_nativo_df,PCT_DEPDIST_moderado,0.2716,33
MOR_pct_migrante,PCT_DEPDIST_moderado,-0.2716,33
MOR_pct_idoso_pop,PCT_DEPFED_liberal_conservador,-0.2713,33
MOR_pct_conta_propria,PCT_DEPFED_progressista,-0.2708,33
DOM_pct_classe_C,PCT_DEPFED_moderado,0.2698,33
MOR_pct_desocupado,PCT_SEN_liberal_conservador,0.2691,33
MOR_pct_ocupado,PCT_SEN_progressista,0.2656,33
MOR_pct_ocupado,PCT_DEPFED_progressista,0.2644,33
MOR_pct_servidor_total,PCT_DEPDIST_progressista,0.2621,33
MOR_pct_plano_saude,PCT_DEPDIST_progressista,0.2612,33
MOR_pct_conta_propria,PCT_GOV_moderado,0.2607,33
MOR_pct_servidor_dist,PCT_DEPDIST_progressista,0.2571,33
MOR_pct_conta_propria,PCT_DEPFED_moderado,0.2557,33
EL_pct_feminino,PCT_DEPFED_liberal_conservador,-0.2555,33
MOR_pct_superior,PCT_DEPFED_liberal_conservador,-0.2534,33
MOR_pct_ocupado,PCT_DEPDIST_progressista,0.2526,33
MOR_pct_nativo_df,PCT_DEPFED_progressista,-0.2514,33
MOR_pct_migrante,PCT_DEPFED_progressista,0.2514,33
MOR_pct_servidor_fed,PCT_DEPDIST_liberal_conservador,0.2513,33
MOR_pct_jovem_pop,PCT_SEN_liberal_conservador,0.2477,33
DOM_pct_classe_C,PCT_DEPFED_liberal_conservador,0.2458,33
EL_pct_jovem_1624_x,PCT_DEPDIST_liberal_conservador,-0.2411,33
DOM_pct_inseg_alimentar,PCT_DEPFED_liberal_conservador,0.2401,33
MOR_pct_privado,PCT_DEPFED_moderado,0.2354,33
MOR_renda_ind_media,PCT_GOV_moderado,-0.234,15
DOM_renda_pc_media,PCT_DEPDIST_liberal_conservador,0.2337,33
DOM_pct_classe_AB,PCT_DEPDIST_liberal_conservador,0.2324,33
EL_pct_feminino,PCT_SEN_progressista,0.2316,33
MOR_pct_ocupado,PCT_SEN_liberal_conservador,-0.228,33
MOR_pct_privado,PCT_SEN_liberal_conservador,0.2266,33
MOR_pct_servidor_fed,PCT_DEPFED_liberal_conservador,-0.2247,33
MOR_pct_jovem_pop,PCT_DEPDIST_liberal_conservador,-0.2196,33
MOR_renda_ind_media,PCT_GOV_liberal_conservador,0.2195,15
MOR_pct_nativo_df,PCT_DEPFED_moderado,0.2159,33
MOR_pct_migrante,PCT_DEPFED_moderado,-0.2159,33
DOM_pct_classe_C,PCT_DEPDIST_moderado,0.2158,33
MOR_pct_idoso_pop,PCT_DEPFED_moderado,-0.2149,33
MOR_pct_servidor_dist,PCT_DEPFED_liberal_conservador,-0.2132,33
EL_total_aptos,PCT_DEPFED_moderado,-0.2106,33
MOR_pct_conta_propria,PCT_SEN_progressista,-0.2087,33
MOR_pct_idoso_pop,PCT_DEPDIST_moderado,-0.2086,33
EL_pct_superior,PCT_DEPFED_liberal_conservador,-0.2075,33
MOR_pct_conta_propria,PCT_GOV_progressista,-0.2075,33
MOR_pct_beneficio_social,PCT_DEPDIST_progressista,-0.2031,33
MOR_pct_ocupado,PCT_DEPFED_moderado,-0.2006,33
EL_pct_feminino,PCT_DEPFED_progressista,0.2,33
EL_total_aptos,PCT_SEN_liberal_conservador,-0.1969,33
MOR_pct_ocupado,PCT_GOV_liberal_conservador,0.1954,33
MOR_renda_ind_media,PCT_SEN_moderado,0.193,15
DOM_renda_pc_media,PCT_DEPFED_liberal_conservador,-0.1921,33
DOM_pct_classe_AB,PCT_DEPFED_liberal_conservador,-0.1908,33
MOR_pct_migrante,PCT_SEN_liberal_conservador,-0.1866,33
MOR_pct_nativo_df,PCT_SEN_liberal_conservador,0.1866,33
DOM_pct_inseg_alimentar,PCT_DEPDIST_progressista,-0.1782,33
EL_pct_sem_fund,PCT_DEPDIST_progressista,-0.1759,33
MOR_pct_feminino,PCT_DEPFED_liberal_conservador,0.174,33
MOR_escolaridade_media,PCT_DEPFED_liberal_conservador,-0.1728,33
EL_pct_idoso_60+,PCT_DEPFED_moderado,-0.1718,33
EL_pct_jovem_1624_x,PCT_DEPFED_moderado,0.1709,33
EL_pct_jovem_1624_y,PCT_DEPDIST_liberal_conservador,-0.1698,33
EL_total_aptos,PCT_DEPFED_progressista,0.1667,33
MOR_renda_ind_media,PCT_GOV_progressista,0.1645,15
MOR_pct_conta_propria,PCT_DEPDIST_moderado,0.1615,33
MOR_pct_desocupado,PCT_DEPFED_liberal_conservador,0.1599,33
MOR_pct_feminino,PCT_GOV_moderado,0.1536,33
MOR_renda_ind_media,PCT_DEPFED_liberal_conservador,-0.1506,15
MOR_pct_jovem_pop,PCT_DEPFED_moderado,0.1463,33
EL_pct_idoso_60+,PCT_DEPDIST_moderado,-0.1429,33
EL_pct_idoso_60mais,PCT_DEPDIST_liberal_conservador,0.1421,33
MOR_pct_idoso_pop,PCT_DEPDIST_liberal_conservador,0.1421,33
EL_total_aptos,PCT_GOV_progressista,0.1414,33
EL_pct_jovem_1624_x,PCT_DEPDIST_moderado,0.1384,33
EL_pct_feminino,PCT_GOV_moderado,-0.1329,33
MOR_pct_plano_saude,PCT_DEPFED_liberal_conservador,-0.1317,33
MOR_pct_conta_propria,PCT_SEN_liberal_conservador,0.1287,33
EL_total_aptos,PCT_GOV_liberal_conservador,-0.1279,33
EL_total_aptos,PCT_DEPDIST_moderado,-0.1251,33
MOR_pct_feminino,PCT_DEPDIST_progressista,0.1236,33
MOR_pct_feminino,PCT_GOV_progressista,-0.1219,33
EL_total_aptos,PCT_GOV_moderado,-0.1152,33
EL_pct_idoso_60+,PCT_DEPDIST_liberal_conservador,0.1087,33
MOR_pct_crianca,PCT_DEPFED_liberal_conservador,0.1081,33
MOR_pct_ocupado,PCT_DEPFED_liberal_conservador,-0.1079,33
EL_pct_sem_fund,PCT_DEPFED_liberal_conservador,0.1077,33
MOR_pct_servidor_total,PCT_DEPFED_liberal_conservador,-0.0971,33
MOR_pct_jovem_pop,PCT_DEPDIST_progressista,0.0963,33
EL_pct_feminino,PCT_DEPFED_moderado,-0.0933,33
MOR_pct_jovem_pop,PCT_DEPDIST_moderado,0.0927,33
MOR_pct_feminino,PCT_DEPDIST_liberal_conservador,-0.0907,33
MOR_pct_ocupado,PCT_SEN_moderado,0.0876,33
EL_pct_feminino,PCT_SEN_moderado,-0.0875,33
EL_total_aptos,PCT_SEN_progressista,0.0829,33
MOR_pct_conta_propria,PCT_DEPDIST_liberal_conservador,-0.0826,33
MOR_pct_sem_fund,PCT_DEPFED_liberal_conservador,0.0822,33
EL_pct_feminino,PCT_DEPDIST_moderado,-0.0786,33
EL_total_aptos,PCT_DEPFED_liberal_conservador,-0.0757,33
EL_total_aptos,PCT_DEPDIST_progressista,0.0753,33
MOR_renda_ind_media,PCT_DEPFED_progressista,0.0711,15
MOR_pct_conta_propria,PCT_DEPDIST_progressista,-0.0685,33
MOR_pct_privado,PCT_DEPDIST_liberal_conservador,0.0675,33
MOR_renda_ind_media,PCT_SEN_liberal_conservador,-0.0623,15
EL_pct_jovem_1624_x,PCT_DEPDIST_progressista,0.0614,33
DOM_pct_classe_DE,PCT_DEPFED_liberal_conservador,0.0589,33
MOR_pct_migrante,PCT_DEPDIST_progressista,0.0574,33
MOR_pct_nativo_df,PCT_DEPDIST_progressista,-0.0574,33
MOR_pct_feminino,PCT_SEN_liberal_conservador,0.056,33
MOR_pct_feminino,PCT_DEPFED_progressista,-0.05,33
MOR_renda_ind_media,PCT_SEN_progressista,0.0488,15
MOR_renda_ind_media,PCT_DEPDIST_liberal_conservador,0.045,15
MOR_pct_privado,PCT_DEPFED_liberal_conservador,0.0424,33
EL_total_aptos,PCT_DEPDIST_liberal_conservador,-0.0381,33
MOR_pct_feminino,PCT_DEPFED_moderado,-0.038,33
MOR_pct_idoso_pop,PCT_DEPDIST_progressista,0.0374,33
MOR_pct_beneficio_social,PCT_DEPFED_liberal_conservador,0.0331,33
MOR_pct_feminino,PCT_SEN_progressista,-0.0308,33
MOR_pct_feminino,PCT_SEN_moderado,0.0267,33
MOR_pct_conta_propria,PCT_DEPFED_liberal_conservador,-0.0262,33
MOR_pct_feminino,PCT_GOV_liberal_conservador,-0.0245,33
MOR_pct_privado,PCT_DEPDIST_progressista,-0.0218,33
MOR_pct_feminino,PCT_DEPDIST_moderado,-0.0164,33
EL_pct_idoso_60+,PCT_DEPDIST_progressista,-0.0164,33
MOR_pct_desocupado,PCT_DEPDIST_progressista,-0.0152,33
MOR_pct_privado,PCT_DEPDIST_moderado,-0.0102,33
EL_total_aptos,PCT_SEN_moderado,0.01,33
MOR_renda_ind_media,PCT_DEPFED_moderado,-0.0081,15
MOR_pct_migrante,PCT_DEPFED_liberal_conservador,0.0079,33
MOR_pct_nativo_df,PCT_DEPFED_liberal_conservador,-0.0079,33
DOM_pct_classe_C,PCT_DEPDIST_liberal_conservador,0.0043,33
